Array Size,Slot,Count
100,0,0
100,1,1
100,2,0
100,3,0
100,4,0
100,5,0
100,6,0
100,7,0
100,8,0
100,9,1
100,10,0
100,11,0
100,12,0
100,13,1
100,14,0
100,15,0
100,16,0
100,17,3
100,18,0
100,19,0
100,20,0
100,21,0
100,22,0
100,23,0
100,24,0
100,25,0
100,26,0
100,27,0
100,28,0
100,29,1
100,30,0
100,31,0
100,32,0
100,33,0
100,34,0
100,35,0
100,36,0
100,37,0
100,38,0
100,39,0
100,40,0
100,41,0
100,42,0
100,43,0
100,44,0
100,45,0
100,46,0
100,47,0
100,48,0
100,49,0
100,50,0
100,51,0
100,52,0
100,53,0
100,54,0
100,55,0
100,56,0
100,57,0
100,58,0
100,59,0
100,60,0
100,61,1
100,62,0
100,63,0
100,64,0
100,65,1
100,66,0
100,67,0
100,68,0
100,69,1
100,70,0
100,71,0
100,72,0
100,73,0
100,74,0
100,75,0
100,76,0
100,77,1
100,78,0
100,79,0
100,80,0
100,81,0
100,82,0
100,83,0
100,84,0
100,85,0
100,86,0
100,87,0
100,88,0
100,89,1
100,90,0
100,91,0
100,92,0
100,93,0
100,94,0
100,95,0
100,96,0
100,97,2
100,98,0
100,99,0
100,100,0
100,101,0
100,102,0
100,103,0
100,104,0
100,105,1
100,106,0
100,107,0
100,108,0
100,109,1
100,110,0
100,111,0
100,112,0
100,113,0
100,114,0
100,115,0
100,116,0
100,117,0
100,118,0
100,119,0
100,120,0
100,121,0
100,122,0
100,123,0
100,124,0
100,125,1
100,126,0
100,127,0
100,128,0
100,129,0
100,130,0
100,131,0
100,132,0
100,133,2
100,134,0
100,135,0
100,136,0
100,137,2
100,138,0
100,139,0
100,140,0
100,141,0
100,142,0
100,143,0
100,144,0
100,145,1
100,146,0
100,147,0
100,148,0
100,149,0
100,150,0
100,151,0
100,152,0
100,153,0
100,154,0
100,155,0
100,156,0
100,157,2
100,158,0
100,159,0
100,160,0
100,161,0
100,162,0
100,163,0
100,164,0
100,165,0
100,166,0
100,167,0
100,168,0
100,169,1
100,170,0
100,171,0
100,172,0
100,173,0
100,174,0
100,175,0
100,176,0
100,177,0
100,178,0
100,179,0
100,180,0
100,181,0
100,182,0
100,183,0
100,184,0
100,185,0
100,186,0
100,187,0
100,188,0
100,189,0
100,190,0
100,191,0
100,192,0
100,193,0
100,194,0
100,195,0
100,196,0
100,197,0
100,198,0
100,199,0
100,200,0
100,201,0
100,202,0
100,203,0
100,204,0
100,205,0
100,206,0
100,207,0
100,208,0
100,209,0
100,210,0
100,211,0
100,212,0
100,213,0
100,214,0
100,215,0
100,216,0
100,217,1
100,218,0
100,219,0
100,220,0
100,221,0
100,222,0
100,223,0
100,224,0
100,225,2
100,226,0
100,227,0
100,228,0
100,229,0
100,230,0
100,231,0
100,232,0
100,233,0
100,234,0
100,235,0
100,236,0
100,237,0
100,238,0
100,239,0
100,240,0
100,241,1
100,242,0
100,243,0
100,244,0
100,245,0
100,246,0
100,247,0
100,248,0
100,249,0
100,250,0
100,251,0
100,252,0
100,253,0
100,254,0
100,255,0
100,256,0
100,257,0
100,258,0
100,259,0
100,260,0
100,261,1
100,262,0
100,263,0
100,264,0
100,265,0
100,266,0
100,267,0
100,268,0
100,269,1
100,270,0
100,271,0
100,272,0
100,273,0
100,274,0
100,275,0
100,276,0
100,277,2
100,278,0
100,279,0
100,280,0
100,281,0
100,282,0
100,283,0
100,284,0
100,285,0
100,286,0
100,287,0
100,288,0
100,289,0
100,290,0
100,291,0
100,292,0
100,293,1
100,294,0
100,295,0
100,296,0
100,297,0
100,298,0
100,299,0
100,300,0
100,301,0
100,302,0
100,303,0
100,304,0
100,305,0
100,306,0
100,307,0
100,308,0
100,309,0
100,310,0
100,311,0
100,312,0
100,313,0
100,314,0
100,315,0
100,316,0
100,317,0
100,318,0
100,319,0
100,320,0
100,321,1
100,322,0
100,323,0
100,324,0
100,325,0
100,326,0
100,327,0
100,328,0
100,329,2
100,330,0
100,331,0
100,332,0
100,333,0
100,334,0
100,335,0
100,336,0
100,337,0
100,338,0
100,339,0
100,340,0
100,341,1
100,342,0
100,343,0
100,344,0
100,345,0
100,346,0
100,347,0
100,348,0
100,349,2
100,350,0
100,351,0
100,352,0
100,353,1
100,354,0
100,355,0
100,356,0
100,357,0
100,358,0
100,359,0
100,360,0
100,361,0
100,362,0
100,363,0
100,364,0
100,365,0
100,366,0
100,367,0
100,368,0
100,369,0
100,370,0
100,371,0
100,372,0
100,373,0
100,374,0
100,375,0
100,376,0
100,377,1
100,378,0
100,379,0
100,380,0
100,381,0
100,382,0
100,383,0
100,384,0
100,385,0
100,386,0
100,387,0
100,388,0
100,389,0
100,390,0
100,391,0
100,392,0
100,393,1
100,394,0
100,395,0
100,396,0
100,397,0
100,398,0
100,399,0
100,400,0
100,401,0
100,402,0
100,403,0
100,404,0
100,405,1
100,406,0
100,407,0
100,408,0
100,409,2
100,410,0
100,411,0
100,412,0
100,413,2
100,414,0
100,415,0
100,416,0
100,417,0
100,418,0
100,419,0
100,420,0
100,421,0
100,422,0
100,423,0
100,424,0
100,425,0
100,426,0
100,427,0
100,428,0
100,429,1
100,430,0
100,431,0
100,432,0
100,433,1
100,434,0
100,435,0
100,436,0
100,437,0
100,438,0
100,439,0
100,440,0
100,441,0
100,442,0
100,443,0
100,444,0
100,445,0
100,446,0
100,447,0
100,448,0
100,449,0
100,450,0
100,451,0
100,452,0
100,453,0
100,454,0
100,455,0
100,456,0
100,457,0
100,458,0
100,459,0
100,460,0
100,461,0
100,462,0
100,463,0
100,464,0
100,465,0
100,466,0
100,467,0
100,468,0
100,469,0
100,470,0
100,471,0
100,472,0
100,473,1
100,474,0
100,475,0
100,476,0
100,477,0
100,478,0
100,479,0
100,480,0
100,481,1
100,482,0
100,483,0
100,484,0
100,485,0
100,486,0
100,487,0
100,488,0
100,489,2
100,490,0
100,491,0
100,492,0
100,493,1
100,494,0
100,495,0
100,496,0
100,497,1
100,498,0
100,499,0
100,500,0
100,501,1
100,502,0
100,503,0
100,504,0
100,505,0
100,506,0
100,507,0
100,508,0
100,509,0
100,510,0
100,511,0
100,512,0
100,513,1
100,514,0
100,515,0
100,516,0
100,517,0
100,518,0
100,519,0
100,520,0
100,521,0
100,522,0
100,523,0
100,524,0
100,525,1
100,526,0
100,527,0
100,528,0
100,529,0
100,530,0
100,531,0
100,532,0
100,533,0
100,534,0
100,535,0
100,536,0
100,537,0
100,538,0
100,539,0
100,540,0
100,541,0
100,542,0
100,543,0
100,544,0
100,545,2
100,546,0
100,547,0
100,548,0
100,549,0
100,550,0
100,551,0
100,552,0
100,553,0
100,554,0
100,555,0
100,556,0
100,557,0
100,558,0
100,559,0
100,560,0
100,561,0
100,562,0
100,563,0
100,564,0
100,565,0
100,566,0
100,567,0
100,568,0
100,569,0
100,570,0
100,571,0
100,572,0
100,573,0
100,574,0
100,575,0
100,576,0
100,577,2
100,578,0
100,579,0
100,580,0
100,581,0
100,582,0
100,583,0
100,584,0
100,585,1
100,586,0
100,587,0
100,588,0
100,589,0
100,590,0
100,591,0
100,592,0
100,593,1
100,594,0
100,595,0
100,596,0
100,597,0
100,598,0
100,599,0
100,600,0
100,601,1
100,602,0
100,603,0
100,604,0
100,605,0
100,606,0
100,607,0
100,608,0
100,609,0
100,610,0
100,611,0
100,612,0
100,613,0
100,614,0
100,615,0
100,616,0
100,617,0
100,618,0
100,619,0
100,620,0
100,621,0
100,622,0
100,623,0
100,624,0
100,625,1
100,626,0
100,627,0
100,628,0
100,629,0
100,630,0
100,631,0
100,632,0
100,633,0
100,634,0
100,635,0
100,636,0
100,637,4
100,638,0
100,639,0
100,640,0
100,641,2
100,642,0
100,643,0
100,644,0
100,645,0
100,646,0
100,647,0
100,648,0
100,649,0
100,650,0
100,651,0
100,652,0
100,653,1
100,654,0
100,655,0
100,656,0
100,657,0
100,658,0
100,659,0
100,660,0
100,661,1
100,662,0
100,663,0
100,664,0
100,665,0
100,666,0
100,667,0
100,668,0
100,669,0
100,670,0
100,671,0
100,672,0
100,673,0
100,674,0
100,675,0
100,676,0
100,677,1
100,678,0
100,679,0
100,680,0
100,681,1
100,682,0
100,683,0
100,684,0
100,685,1
100,686,0
100,687,0
100,688,0
100,689,0
100,690,0
100,691,0
100,692,0
100,693,1
100,694,0
100,695,0
100,696,0
100,697,0
100,698,0
100,699,0
100,700,0
100,701,0
100,702,0
100,703,0
100,704,0
100,705,0
100,706,0
100,707,0
100,708,0
100,709,0
100,710,0
100,711,0
100,712,0
100,713,0
100,714,0
100,715,0
100,716,0
100,717,0
100,718,0
100,719,0
100,720,0
100,721,0
100,722,0
100,723,0
100,724,0
100,725,1
100,726,0
100,727,0
100,728,0
100,729,0
100,730,0
100,731,0
100,732,0
100,733,0
100,734,0
100,735,0
100,736,0
100,737,1
100,738,0
100,739,0
100,740,0
100,741,0
100,742,0
100,743,0
100,744,0
100,745,0
100,746,0
100,747,0
100,748,0
100,749,1
100,750,0
100,751,0
100,752,0
100,753,0
100,754,0
100,755,0
100,756,0
100,757,0
100,758,0
100,759,0
100,760,0
100,761,1
100,762,0
100,763,0
100,764,0
100,765,0
100,766,0
100,767,0
100,768,0
100,769,0
100,770,0
100,771,0
100,772,0
100,773,0
100,774,0
100,775,0
100,776,0
100,777,0
100,778,0
100,779,0
100,780,0
100,781,0
100,782,0
100,783,0
100,784,0
100,785,0
100,786,0
100,787,0
100,788,0
100,789,0
100,790,0
100,791,0
100,792,0
100,793,0
100,794,0
100,795,0
100,796,0
100,797,0
100,798,0
100,799,0
100,800,0
100,801,1
100,802,0
100,803,0
100,804,0
100,805,0
100,806,0
100,807,0
100,808,0
100,809,0
100,810,0
100,811,0
100,812,0
100,813,1
100,814,0
100,815,0
100,816,0
100,817,0
100,818,0
100,819,0
100,820,0
100,821,1
100,822,0
100,823,0
100,824,0
100,825,0
100,826,0
100,827,0
100,828,0
100,829,1
100,830,0
100,831,0
100,832,0
100,833,0
100,834,0
100,835,0
100,836,0
100,837,0
100,838,0
100,839,0
100,840,0
100,841,0
100,842,0
100,843,0
100,844,0
100,845,0
100,846,0
100,847,0
100,848,0
100,849,0
100,850,0
100,851,0
100,852,0
100,853,1
100,854,0
100,855,0
100,856,0
100,857,0
100,858,0
100,859,0
100,860,0
100,861,1
100,862,0
100,863,0
100,864,0
100,865,0
100,866,0
100,867,0
100,868,0
100,869,1
100,870,0
100,871,0
100,872,0
100,873,0
100,874,0
100,875,0
100,876,0
100,877,0
100,878,0
100,879,0
100,880,0
100,881,0
100,882,0
100,883,0
100,884,0
100,885,0
100,886,0
100,887,0
100,888,0
100,889,0
100,890,0
100,891,0
100,892,0
100,893,1
100,894,0
100,895,0
100,896,0
100,897,0
100,898,0
100,899,0
100,900,0
100,901,1
100,902,0
100,903,0
100,904,0
100,905,0
100,906,0
100,907,0
100,908,0
100,909,0
100,910,0
100,911,0
100,912,0
100,913,0
100,914,0
100,915,0
100,916,0
100,917,0
100,918,0
100,919,0
100,920,0
100,921,0
100,922,0
100,923,0
100,924,0
100,925,0
100,926,0
100,927,0
100,928,0
100,929,0
100,930,0
100,931,0
100,932,0
100,933,0
100,934,0
100,935,0
100,936,0
100,937,0
100,938,0
100,939,0
100,940,0
100,941,1
100,942,0
100,943,0
100,944,0
100,945,1
100,946,0
100,947,0
100,948,0
100,949,1
100,950,0
100,951,0
100,952,0
100,953,0
100,954,0
100,955,0
100,956,0
100,957,0
100,958,0
100,959,0
100,960,0
100,961,0
100,962,0
100,963,0
100,964,0
100,965,0
100,966,0
100,967,0
100,968,0
100,969,0
100,970,0
100,971,0
100,972,0
100,973,1
100,974,0
100,975,0
100,976,0
100,977,1
100,978,0
100,979,0
100,980,0
100,981,0
100,982,0
100,983,0
100,984,0
100,985,0
100,986,0
100,987,0
100,988,0
100,989,0
100,990,0
100,991,0
100,992,0
100,993,0
100,994,0
100,995,0
100,996,0
100,997,1
100,998,0
100,999,0
100,1000,0
100,1001,0
100,1002,0
100,1003,0
100,1004,0
100,1005,0
100,1006,0
100,1007,0
100,1008,0
100,1009,1
100,1010,0
100,1011,0
100,1012,0
100,1013,0
100,1014,0
100,1015,0
100,1016,0
100,1017,1
100,1018,0
100,1019,0
100,1020,0
100,1021,0
100,1022,0
100,1023,0
1000,0,1
1000,1,3
1000,2,2
1000,3,2
1000,4,1
1000,5,2
1000,6,0
1000,7,0
1000,8,1
1000,9,1
1000,10,1
1000,11,1
1000,12,4
1000,13,0
1000,14,0
1000,15,2
1000,16,0
1000,17,1
1000,18,0
1000,19,0
1000,20,2
1000,21,0
1000,22,0
1000,23,2
1000,24,0
1000,25,1
1000,26,0
1000,27,1
1000,28,1
1000,29,0
1000,30,0
1000,31,1
1000,32,0
1000,33,1
1000,34,2
1000,35,1
1000,36,1
1000,37,1
1000,38,0
1000,39,1
1000,40,0
1000,41,1
1000,42,3
1000,43,1
1000,44,0
1000,45,1
1000,46,1
1000,47,0
1000,48,1
1000,49,0
1000,50,0
1000,51,0
1000,52,0
1000,53,0
1000,54,0
1000,55,0
1000,56,0
1000,57,1
1000,58,1
1000,59,2
1000,60,0
1000,61,0
1000,62,0
1000,63,2
1000,64,1
1000,65,1
1000,66,2
1000,67,2
1000,68,0
1000,69,0
1000,70,0
1000,71,1
1000,72,0
1000,73,2
1000,74,3
1000,75,0
1000,76,2
1000,77,0
1000,78,0
1000,79,0
1000,80,1
1000,81,3
1000,82,0
1000,83,1
1000,84,1
1000,85,0
1000,86,1
1000,87,0
1000,88,2
1000,89,1
1000,90,1
1000,91,1
1000,92,0
1000,93,2
1000,94,2
1000,95,1
1000,96,0
1000,97,0
1000,98,0
1000,99,1
1000,100,0
1000,101,1
1000,102,1
1000,103,1
1000,104,1
1000,105,2
1000,106,2
1000,107,1
1000,108,1
1000,109,1
1000,110,1
1000,111,2
1000,112,1
1000,113,2
1000,114,0
1000,115,0
1000,116,1
1000,117,0
1000,118,2
1000,119,0
1000,120,2
1000,121,2
1000,122,1
1000,123,0
1000,124,3
1000,125,1
1000,126,3
1000,127,0
1000,128,0
1000,129,0
1000,130,0
1000,131,1
1000,132,1
1000,133,1
1000,134,1
1000,135,1
1000,136,0
1000,137,0
1000,138,0
1000,139,2
1000,140,2
1000,141,3
1000,142,0
1000,143,0
1000,144,1
1000,145,1
1000,146,0
1000,147,0
1000,148,0
1000,149,0
1000,150,2
1000,151,1
1000,152,1
1000,153,5
1000,154,0
1000,155,1
1000,156,0
1000,157,1
1000,158,2
1000,159,0
1000,160,2
1000,161,1
1000,162,3
1000,163,0
1000,164,0
1000,165,0
1000,166,2
1000,167,0
1000,168,1
1000,169,0
1000,170,0
1000,171,1
1000,172,0
1000,173,1
1000,174,0
1000,175,2
1000,176,0
1000,177,0
1000,178,0
1000,179,0
1000,180,0
1000,181,1
1000,182,2
1000,183,1
1000,184,3
1000,185,0
1000,186,1
1000,187,1
1000,188,0
1000,189,3
1000,190,0
1000,191,0
1000,192,0
1000,193,0
1000,194,0
1000,195,2
1000,196,1
1000,197,2
1000,198,0
1000,199,0
1000,200,0
1000,201,3
1000,202,1
1000,203,1
1000,204,1
1000,205,2
1000,206,1
1000,207,0
1000,208,2
1000,209,0
1000,210,2
1000,211,0
1000,212,2
1000,213,1
1000,214,1
1000,215,1
1000,216,0
1000,217,1
1000,218,3
1000,219,0
1000,220,0
1000,221,2
1000,222,1
1000,223,2
1000,224,0
1000,225,3
1000,226,0
1000,227,0
1000,228,0
1000,229,3
1000,230,1
1000,231,2
1000,232,0
1000,233,0
1000,234,0
1000,235,2
1000,236,4
1000,237,3
1000,238,3
1000,239,0
1000,240,1
1000,241,2
1000,242,1
1000,243,0
1000,244,1
1000,245,1
1000,246,1
1000,247,2
1000,248,2
1000,249,2
1000,250,1
1000,251,0
1000,252,1
1000,253,0
1000,254,2
1000,255,0
1000,256,1
1000,257,2
1000,258,0
1000,259,1
1000,260,2
1000,261,0
1000,262,2
1000,263,2
1000,264,1
1000,265,0
1000,266,0
1000,267,3
1000,268,0
1000,269,1
1000,270,0
1000,271,1
1000,272,2
1000,273,1
1000,274,0
1000,275,2
1000,276,1
1000,277,1
1000,278,0
1000,279,1
1000,280,0
1000,281,1
1000,282,0
1000,283,1
1000,284,1
1000,285,1
1000,286,0
1000,287,0
1000,288,1
1000,289,2
1000,290,1
1000,291,1
1000,292,0
1000,293,0
1000,294,0
1000,295,1
1000,296,0
1000,297,1
1000,298,0
1000,299,0
1000,300,1
1000,301,2
1000,302,0
1000,303,1
1000,304,3
1000,305,0
1000,306,2
1000,307,2
1000,308,2
1000,309,0
1000,310,1
1000,311,1
1000,312,1
1000,313,0
1000,314,0
1000,315,4
1000,316,0
1000,317,0
1000,318,0
1000,319,1
1000,320,1
1000,321,0
1000,322,1
1000,323,1
1000,324,0
1000,325,2
1000,326,1
1000,327,0
1000,328,3
1000,329,1
1000,330,0
1000,331,2
1000,332,0
1000,333,1
1000,334,0
1000,335,0
1000,336,0
1000,337,1
1000,338,2
1000,339,2
1000,340,0
1000,341,2
1000,342,0
1000,343,1
1000,344,2
1000,345,0
1000,346,0
1000,347,1
1000,348,1
1000,349,1
1000,350,2
1000,351,1
1000,352,0
1000,353,0
1000,354,3
1000,355,0
1000,356,0
1000,357,1
1000,358,1
1000,359,0
1000,360,1
1000,361,1
1000,362,0
1000,363,2
1000,364,0
1000,365,1
1000,366,2
1000,367,3
1000,368,0
1000,369,1
1000,370,1
1000,371,2
1000,372,4
1000,373,0
1000,374,2
1000,375,2
1000,376,0
1000,377,3
1000,378,1
1000,379,1
1000,380,1
1000,381,0
1000,382,2
1000,383,0
1000,384,0
1000,385,3
1000,386,1
1000,387,1
1000,388,0
1000,389,0
1000,390,0
1000,391,1
1000,392,0
1000,393,0
1000,394,0
1000,395,1
1000,396,0
1000,397,2
1000,398,2
1000,399,1
1000,400,1
1000,401,2
1000,402,1
1000,403,1
1000,404,0
1000,405,0
1000,406,0
1000,407,3
1000,408,0
1000,409,0
1000,410,0
1000,411,1
1000,412,0
1000,413,2
1000,414,3
1000,415,1
1000,416,1
1000,417,1
1000,418,1
1000,419,0
1000,420,1
1000,421,2
1000,422,0
1000,423,1
1000,424,3
1000,425,0
1000,426,0
1000,427,3
1000,428,2
1000,429,5
1000,430,3
1000,431,2
1000,432,0
1000,433,1
1000,434,2
1000,435,1
1000,436,1
1000,437,0
1000,438,0
1000,439,2
1000,440,0
1000,441,0
1000,442,0
1000,443,2
1000,444,0
1000,445,2
1000,446,2
1000,447,1
1000,448,1
1000,449,2
1000,450,0
1000,451,3
1000,452,1
1000,453,0
1000,454,0
1000,455,1
1000,456,2
1000,457,0
1000,458,0
1000,459,1
1000,460,1
1000,461,3
1000,462,0
1000,463,1
1000,464,0
1000,465,0
1000,466,4
1000,467,2
1000,468,2
1000,469,0
1000,470,2
1000,471,1
1000,472,1
1000,473,1
1000,474,0
1000,475,0
1000,476,2
1000,477,3
1000,478,0
1000,479,1
1000,480,0
1000,481,2
1000,482,0
1000,483,0
1000,484,1
1000,485,1
1000,486,0
1000,487,0
1000,488,1
1000,489,0
1000,490,1
1000,491,1
1000,492,1
1000,493,2
1000,494,0
1000,495,3
1000,496,2
1000,497,0
1000,498,0
1000,499,2
1000,500,0
1000,501,1
1000,502,0
1000,503,2
1000,504,0
1000,505,1
1000,506,0
1000,507,2
1000,508,1
1000,509,1
1000,510,2
1000,511,1
1000,512,0
1000,513,1
1000,514,0
1000,515,1
1000,516,0
1000,517,0
1000,518,2
1000,519,2
1000,520,1
1000,521,2
1000,522,1
1000,523,2
1000,524,1
1000,525,2
1000,526,1
1000,527,1
1000,528,0
1000,529,1
1000,530,3
1000,531,1
1000,532,0
1000,533,0
1000,534,1
1000,535,1
1000,536,1
1000,537,0
1000,538,2
1000,539,0
1000,540,2
1000,541,0
1000,542,2
1000,543,1
1000,544,1
1000,545,1
1000,546,0
1000,547,1
1000,548,2
1000,549,0
1000,550,0
1000,551,0
1000,552,1
1000,553,3
1000,554,1
1000,555,1
1000,556,0
1000,557,1
1000,558,0
1000,559,1
1000,560,2
1000,561,0
1000,562,2
1000,563,0
1000,564,1
1000,565,0
1000,566,1
1000,567,1
1000,568,0
1000,569,0
1000,570,0
1000,571,2
1000,572,1
1000,573,0
1000,574,1
1000,575,2
1000,576,0
1000,577,1
1000,578,1
1000,579,0
1000,580,3
1000,581,0
1000,582,1
1000,583,2
1000,584,1
1000,585,0
1000,586,1
1000,587,1
1000,588,3
1000,589,2
1000,590,0
1000,591,0
1000,592,1
1000,593,0
1000,594,1
1000,595,2
1000,596,3
1000,597,1
1000,598,2
1000,599,1
1000,600,3
1000,601,1
1000,602,1
1000,603,0
1000,604,2
1000,605,2
1000,606,0
1000,607,0
1000,608,0
1000,609,1
1000,610,1
1000,611,1
1000,612,0
1000,613,1
1000,614,0
1000,615,4
1000,616,0
1000,617,2
1000,618,1
1000,619,1
1000,620,0
1000,621,1
1000,622,2
1000,623,1
1000,624,0
1000,625,1
1000,626,2
1000,627,0
1000,628,2
1000,629,1
1000,630,1
1000,631,2
1000,632,0
1000,633,0
1000,634,0
1000,635,0
1000,636,2
1000,637,2
1000,638,0
1000,639,3
1000,640,2
1000,641,0
1000,642,0
1000,643,1
1000,644,2
1000,645,0
1000,646,3
1000,647,0
1000,648,1
1000,649,0
1000,650,0
1000,651,1
1000,652,1
1000,653,0
1000,654,0
1000,655,1
1000,656,0
1000,657,0
1000,658,1
1000,659,1
1000,660,0
1000,661,2
1000,662,1
1000,663,2
1000,664,1
1000,665,0
1000,666,2
1000,667,1
1000,668,4
1000,669,1
1000,670,1
1000,671,3
1000,672,1
1000,673,2
1000,674,2
1000,675,0
1000,676,2
1000,677,1
1000,678,3
1000,679,1
1000,680,0
1000,681,0
1000,682,1
1000,683,1
1000,684,3
1000,685,1
1000,686,1
1000,687,0
1000,688,3
1000,689,0
1000,690,0
1000,691,2
1000,692,2
1000,693,1
1000,694,1
1000,695,1
1000,696,2
1000,697,1
1000,698,0
1000,699,0
1000,700,1
1000,701,0
1000,702,2
1000,703,1
1000,704,3
1000,705,0
1000,706,1
1000,707,1
1000,708,1
1000,709,0
1000,710,2
1000,711,1
1000,712,0
1000,713,1
1000,714,4
1000,715,1
1000,716,2
1000,717,1
1000,718,0
1000,719,0
1000,720,0
1000,721,1
1000,722,2
1000,723,0
1000,724,2
1000,725,1
1000,726,1
1000,727,2
1000,728,2
1000,729,0
1000,730,2
1000,731,1
1000,732,0
1000,733,0
1000,734,3
1000,735,3
1000,736,2
1000,737,0
1000,738,1
1000,739,2
1000,740,1
1000,741,0
1000,742,0
1000,743,1
1000,744,0
1000,745,2
1000,746,1
1000,747,0
1000,748,1
1000,749,0
1000,750,2
1000,751,2
1000,752,3
1000,753,1
1000,754,2
1000,755,0
1000,756,0
1000,757,1
1000,758,1
1000,759,0
1000,760,1
1000,761,1
1000,762,1
1000,763,1
1000,764,1
1000,765,0
1000,766,2
1000,767,2
1000,768,1
1000,769,0
1000,770,2
1000,771,1
1000,772,2
1000,773,0
1000,774,1
1000,775,3
1000,776,0
1000,777,0
1000,778,1
1000,779,0
1000,780,2
1000,781,2
1000,782,0
1000,783,1
1000,784,3
1000,785,0
1000,786,0
1000,787,0
1000,788,0
1000,789,1
1000,790,1
1000,791,1
1000,792,3
1000,793,3
1000,794,2
1000,795,1
1000,796,1
1000,797,1
1000,798,3
1000,799,0
1000,800,1
1000,801,2
1000,802,1
1000,803,1
1000,804,2
1000,805,2
1000,806,2
1000,807,1
1000,808,0
1000,809,0
1000,810,1
1000,811,0
1000,812,0
1000,813,3
1000,814,0
1000,815,0
1000,816,1
1000,817,0
1000,818,1
1000,819,0
1000,820,0
1000,821,1
1000,822,1
1000,823,2
1000,824,1
1000,825,0
1000,826,1
1000,827,0
1000,828,0
1000,829,0
1000,830,1
1000,831,0
1000,832,1
1000,833,1
1000,834,0
1000,835,2
1000,836,0
1000,837,0
1000,838,1
1000,839,2
1000,840,3
1000,841,2
1000,842,1
1000,843,1
1000,844,1
1000,845,0
1000,846,0
1000,847,0
1000,848,0
1000,849,2
1000,850,1
1000,851,0
1000,852,3
1000,853,1
1000,854,1
1000,855,1
1000,856,1
1000,857,1
1000,858,1
1000,859,0
1000,860,0
1000,861,0
1000,862,1
1000,863,0
1000,864,1
1000,865,2
1000,866,0
1000,867,1
1000,868,0
1000,869,0
1000,870,2
1000,871,3
1000,872,0
1000,873,1
1000,874,1
1000,875,2
1000,876,0
1000,877,0
1000,878,1
1000,879,1
1000,880,0
1000,881,0
1000,882,2
1000,883,0
1000,884,0
1000,885,0
1000,886,2
1000,887,2
1000,888,5
1000,889,3
1000,890,2
1000,891,0
1000,892,1
1000,893,3
1000,894,0
1000,895,0
1000,896,0
1000,897,0
1000,898,0
1000,899,1
1000,900,1
1000,901,0
1000,902,0
1000,903,1
1000,904,3
1000,905,0
1000,906,0
1000,907,2
1000,908,0
1000,909,0
1000,910,0
1000,911,4
1000,912,1
1000,913,1
1000,914,0
1000,915,2
1000,916,0
1000,917,1
1000,918,0
1000,919,0
1000,920,1
1000,921,3
1000,922,1
1000,923,1
1000,924,2
1000,925,1
1000,926,0
1000,927,0
1000,928,4
1000,929,1
1000,930,0
1000,931,0
1000,932,1
1000,933,0
1000,934,2
1000,935,0
1000,936,3
1000,937,2
1000,938,1
1000,939,0
1000,940,1
1000,941,1
1000,942,2
1000,943,1
1000,944,1
1000,945,1
1000,946,1
1000,947,0
1000,948,0
1000,949,1
1000,950,1
1000,951,0
1000,952,0
1000,953,2
1000,954,0
1000,955,1
1000,956,1
1000,957,4
1000,958,1
1000,959,0
1000,960,1
1000,961,1
1000,962,2
1000,963,0
1000,964,2
1000,965,1
1000,966,2
1000,967,0
1000,968,0
1000,969,1
1000,970,3
1000,971,2
1000,972,0
1000,973,0
1000,974,2
1000,975,1
1000,976,2
1000,977,1
1000,978,1
1000,979,1
1000,980,2
1000,981,2
1000,982,0
1000,983,1
1000,984,0
1000,985,2
1000,986,0
1000,987,2
1000,988,1
1000,989,2
1000,990,0
1000,991,0
1000,992,0
1000,993,1
1000,994,0
1000,995,0
1000,996,3
1000,997,0
1000,998,1
1000,999,0
1000,1000,2
1000,1001,1
1000,1002,0
1000,1003,0
1000,1004,4
1000,1005,2
1000,1006,2
1000,1007,1
1000,1008,0
1000,1009,1
1000,1010,2
1000,1011,1
1000,1012,1
1000,1013,0
1000,1014,0
1000,1015,1
1000,1016,2
1000,1017,0
1000,1018,0
1000,1019,1
1000,1020,2
1000,1021,1
1000,1022,1
1000,1023,1
10000,0,18
10000,1,0
10000,2,24
10000,3,0
10000,4,21
10000,5,0
10000,6,16
10000,7,0
10000,8,15
10000,9,0
10000,10,21
10000,11,0
10000,12,19
10000,13,0
10000,14,16
10000,15,0
10000,16,8
10000,17,0
10000,18,20
10000,19,0
10000,20,15
10000,21,0
10000,22,22
10000,23,0
10000,24,20
10000,25,0
10000,26,16
10000,27,0
10000,28,22
10000,29,0
10000,30,19
10000,31,0
10000,32,16
10000,33,0
10000,34,29
10000,35,0
10000,36,29
10000,37,0
10000,38,17
10000,39,0
10000,40,16
10000,41,0
10000,42,22
10000,43,0
10000,44,16
10000,45,0
10000,46,27
10000,47,0
10000,48,16
10000,49,0
10000,50,17
10000,51,0
10000,52,16
10000,53,0
10000,54,18
10000,55,0
10000,56,25
10000,57,0
10000,58,16
10000,59,0
10000,60,21
10000,61,0
10000,62,18
10000,63,0
10000,64,20
10000,65,0
10000,66,20
10000,67,0
10000,68,23
10000,69,0
10000,70,25
10000,71,0
10000,72,15
10000,73,0
10000,74,19
10000,75,0
10000,76,21
10000,77,0
10000,78,21
10000,79,0
10000,80,14
10000,81,0
10000,82,19
10000,83,0
10000,84,15
10000,85,0
10000,86,26
10000,87,0
10000,88,19
10000,89,0
10000,90,19
10000,91,0
10000,92,21
10000,93,0
10000,94,23
10000,95,0
10000,96,23
10000,97,0
10000,98,21
10000,99,0
10000,100,14
10000,101,0
10000,102,16
10000,103,0
10000,104,14
10000,105,0
10000,106,24
10000,107,0
10000,108,21
10000,109,0
10000,110,24
10000,111,0
10000,112,18
10000,113,0
10000,114,17
10000,115,0
10000,116,25
10000,117,0
10000,118,21
10000,119,0
10000,120,20
10000,121,0
10000,122,12
10000,123,0
10000,124,25
10000,125,0
10000,126,16
10000,127,0
10000,128,20
10000,129,0
10000,130,18
10000,131,0
10000,132,17
10000,133,0
10000,134,12
10000,135,0
10000,136,24
10000,137,0
10000,138,19
10000,139,0
10000,140,16
10000,141,0
10000,142,18
10000,143,0
10000,144,26
10000,145,0
10000,146,17
10000,147,0
10000,148,16
10000,149,0
10000,150,24
10000,151,0
10000,152,15
10000,153,0
10000,154,15
10000,155,0
10000,156,14
10000,157,0
10000,158,21
10000,159,0
10000,160,21
10000,161,0
10000,162,16
10000,163,0
10000,164,18
10000,165,0
10000,166,20
10000,167,0
10000,168,21
10000,169,0
10000,170,23
10000,171,0
10000,172,17
10000,173,0
10000,174,18
10000,175,0
10000,176,28
10000,177,0
10000,178,13
10000,179,0
10000,180,16
10000,181,0
10000,182,18
10000,183,0
10000,184,18
10000,185,0
10000,186,19
10000,187,0
10000,188,23
10000,189,0
10000,190,21
10000,191,0
10000,192,15
10000,193,0
10000,194,15
10000,195,0
10000,196,27
10000,197,0
10000,198,21
10000,199,0
10000,200,9
10000,201,0
10000,202,20
10000,203,0
10000,204,22
10000,205,0
10000,206,17
10000,207,0
10000,208,17
10000,209,0
10000,210,17
10000,211,0
10000,212,23
10000,213,0
10000,214,20
10000,215,0
10000,216,24
10000,217,0
10000,218,19
10000,219,0
10000,220,27
10000,221,0
10000,222,12
10000,223,0
10000,224,12
10000,225,0
10000,226,17
10000,227,0
10000,228,15
10000,229,0
10000,230,19
10000,231,0
10000,232,20
10000,233,0
10000,234,19
10000,235,0
10000,236,27
10000,237,0
10000,238,23
10000,239,0
10000,240,18
10000,241,0
10000,242,29
10000,243,0
10000,244,18
10000,245,0
10000,246,12
10000,247,0
10000,248,24
10000,249,0
10000,250,24
10000,251,0
10000,252,12
10000,253,0
10000,254,20
10000,255,0
10000,256,14
10000,257,0
10000,258,23
10000,259,0
10000,260,25
10000,261,0
10000,262,17
10000,263,0
10000,264,14
10000,265,0
10000,266,27
10000,267,0
10000,268,15
10000,269,0
10000,270,19
10000,271,0
10000,272,19
10000,273,0
10000,274,18
10000,275,0
10000,276,24
10000,277,0
10000,278,13
10000,279,0
10000,280,23
10000,281,0
10000,282,24
10000,283,0
10000,284,14
10000,285,0
10000,286,23
10000,287,0
10000,288,22
10000,289,0
10000,290,29
10000,291,0
10000,292,22
10000,293,0
10000,294,16
10000,295,0
10000,296,19
10000,297,0
10000,298,17
10000,299,0
10000,300,24
10000,301,0
10000,302,18
10000,303,0
10000,304,25
10000,305,0
10000,306,21
10000,307,0
10000,308,22
10000,309,0
10000,310,20
10000,311,0
10000,312,15
10000,313,0
10000,314,22
10000,315,0
10000,316,22
10000,317,0
10000,318,27
10000,319,0
10000,320,18
10000,321,0
10000,322,18
10000,323,0
10000,324,17
10000,325,0
10000,326,20
10000,327,0
10000,328,19
10000,329,0
10000,330,16
10000,331,0
10000,332,15
10000,333,0
10000,334,21
10000,335,0
10000,336,24
10000,337,0
10000,338,22
10000,339,0
10000,340,9
10000,341,0
10000,342,15
10000,343,0
10000,344,22
10000,345,0
10000,346,19
10000,347,0
10000,348,8
10000,349,0
10000,350,10
10000,351,0
10000,352,27
10000,353,0
10000,354,21
10000,355,0
10000,356,14
10000,357,0
10000,358,19
10000,359,0
10000,360,22
10000,361,0
10000,362,26
10000,363,0
10000,364,13
10000,365,0
10000,366,29
10000,367,0
10000,368,17
10000,369,0
10000,370,21
10000,371,0
10000,372,20
10000,373,0
10000,374,20
10000,375,0
10000,376,23
10000,377,0
10000,378,18
10000,379,0
10000,380,26
10000,381,0
10000,382,19
10000,383,0
10000,384,15
10000,385,0
10000,386,20
10000,387,0
10000,388,29
10000,389,0
10000,390,22
10000,391,0
10000,392,18
10000,393,0
10000,394,23
10000,395,0
10000,396,23
10000,397,0
10000,398,20
10000,399,0
10000,400,25
10000,401,0
10000,402,23
10000,403,0
10000,404,14
10000,405,0
10000,406,20
10000,407,0
10000,408,13
10000,409,0
10000,410,20
10000,411,0
10000,412,19
10000,413,0
10000,414,18
10000,415,0
10000,416,22
10000,417,0
10000,418,16
10000,419,0
10000,420,26
10000,421,0
10000,422,13
10000,423,0
10000,424,18
10000,425,0
10000,426,27
10000,427,0
10000,428,28
10000,429,0
10000,430,20
10000,431,0
10000,432,22
10000,433,0
10000,434,26
10000,435,0
10000,436,18
10000,437,0
10000,438,12
10000,439,0
10000,440,19
10000,441,0
10000,442,11
10000,443,0
10000,444,16
10000,445,0
10000,446,11
10000,447,0
10000,448,20
10000,449,0
10000,450,13
10000,451,0
10000,452,22
10000,453,0
10000,454,32
10000,455,0
10000,456,18
10000,457,0
10000,458,16
10000,459,0
10000,460,21
10000,461,0
10000,462,25
10000,463,0
10000,464,20
10000,465,0
10000,466,18
10000,467,0
10000,468,19
10000,469,0
10000,470,19
10000,471,0
10000,472,21
10000,473,0
10000,474,23
10000,475,0
10000,476,13
10000,477,0
10000,478,27
10000,479,0
10000,480,22
10000,481,0
10000,482,14
10000,483,0
10000,484,14
10000,485,0
10000,486,24
10000,487,0
10000,488,21
10000,489,0
10000,490,23
10000,491,0
10000,492,16
10000,493,0
10000,494,25
10000,495,0
10000,496,19
10000,497,0
10000,498,23
10000,499,0
10000,500,17
10000,501,0
10000,502,18
10000,503,0
10000,504,19
10000,505,0
10000,506,31
10000,507,0
10000,508,19
10000,509,0
10000,510,17
10000,511,0
10000,512,15
10000,513,0
10000,514,12
10000,515,0
10000,516,20
10000,517,0
10000,518,22
10000,519,0
10000,520,20
10000,521,0
10000,522,21
10000,523,0
10000,524,16
10000,525,0
10000,526,15
10000,527,0
10000,528,16
10000,529,0
10000,530,31
10000,531,0
10000,532,23
10000,533,0
10000,534,17
10000,535,0
10000,536,21
10000,537,0
10000,538,24
10000,539,0
10000,540,20
10000,541,0
10000,542,26
10000,543,0
10000,544,19
10000,545,0
10000,546,19
10000,547,0
10000,548,13
10000,549,0
10000,550,19
10000,551,0
10000,552,16
10000,553,0
10000,554,11
10000,555,0
10000,556,22
10000,557,0
10000,558,19
10000,559,0
10000,560,23
10000,561,0
10000,562,17
10000,563,0
10000,564,20
10000,565,0
10000,566,19
10000,567,0
10000,568,24
10000,569,0
10000,570,19
10000,571,0
10000,572,24
10000,573,0
10000,574,19
10000,575,0
10000,576,21
10000,577,0
10000,578,15
10000,579,0
10000,580,27
10000,581,0
10000,582,19
10000,583,0
10000,584,20
10000,585,0
10000,586,30
10000,587,0
10000,588,14
10000,589,0
10000,590,24
10000,591,0
10000,592,15
10000,593,0
10000,594,19
10000,595,0
10000,596,13
10000,597,0
10000,598,20
10000,599,0
10000,600,16
10000,601,0
10000,602,21
10000,603,0
10000,604,22
10000,605,0
10000,606,20
10000,607,0
10000,608,23
10000,609,0
10000,610,22
10000,611,0
10000,612,14
10000,613,0
10000,614,17
10000,615,0
10000,616,24
10000,617,0
10000,618,12
10000,619,0
10000,620,25
10000,621,0
10000,622,27
10000,623,0
10000,624,15
10000,625,0
10000,626,22
10000,627,0
10000,628,20
10000,629,0
10000,630,15
10000,631,0
10000,632,19
10000,633,0
10000,634,12
10000,635,0
10000,636,22
10000,637,0
10000,638,16
10000,639,0
10000,640,11
10000,641,0
10000,642,12
10000,643,0
10000,644,33
10000,645,0
10000,646,14
10000,647,0
10000,648,27
10000,649,0
10000,650,19
10000,651,0
10000,652,17
10000,653,0
10000,654,14
10000,655,0
10000,656,17
10000,657,0
10000,658,22
10000,659,0
10000,660,15
10000,661,0
10000,662,26
10000,663,0
10000,664,19
10000,665,0
10000,666,25
10000,667,0
10000,668,15
10000,669,0
10000,670,24
10000,671,0
10000,672,17
10000,673,0
10000,674,22
10000,675,0
10000,676,23
10000,677,0
10000,678,17
10000,679,0
10000,680,18
10000,681,0
10000,682,12
10000,683,0
10000,684,16
10000,685,0
10000,686,19
10000,687,0
10000,688,18
10000,689,0
10000,690,22
10000,691,0
10000,692,25
10000,693,0
10000,694,10
10000,695,0
10000,696,18
10000,697,0
10000,698,20
10000,699,0
10000,700,18
10000,701,0
10000,702,10
10000,703,0
10000,704,17
10000,705,0
10000,706,25
10000,707,0
10000,708,24
10000,709,0
10000,710,23
10000,711,0
10000,712,25
10000,713,0
10000,714,27
10000,715,0
10000,716,22
10000,717,0
10000,718,20
10000,719,0
10000,720,15
10000,721,0
10000,722,22
10000,723,0
10000,724,21
10000,725,0
10000,726,27
10000,727,0
10000,728,17
10000,729,0
10000,730,20
10000,731,0
10000,732,18
10000,733,0
10000,734,12
10000,735,0
10000,736,22
10000,737,0
10000,738,21
10000,739,0
10000,740,18
10000,741,0
10000,742,16
10000,743,0
10000,744,24
10000,745,0
10000,746,17
10000,747,0
10000,748,19
10000,749,0
10000,750,23
10000,751,0
10000,752,20
10000,753,0
10000,754,21
10000,755,0
10000,756,20
10000,757,0
10000,758,15
10000,759,0
10000,760,23
10000,761,0
10000,762,20
10000,763,0
10000,764,16
10000,765,0
10000,766,26
10000,767,0
10000,768,18
10000,769,0
10000,770,16
10000,771,0
10000,772,21
10000,773,0
10000,774,24
10000,775,0
10000,776,18
10000,777,0
10000,778,24
10000,779,0
10000,780,17
10000,781,0
10000,782,20
10000,783,0
10000,784,19
10000,785,0
10000,786,17
10000,787,0
10000,788,15
10000,789,0
10000,790,24
10000,791,0
10000,792,26
10000,793,0
10000,794,16
10000,795,0
10000,796,22
10000,797,0
10000,798,25
10000,799,0
10000,800,15
10000,801,0
10000,802,17
10000,803,0
10000,804,19
10000,805,0
10000,806,17
10000,807,0
10000,808,14
10000,809,0
10000,810,27
10000,811,0
10000,812,14
10000,813,0
10000,814,25
10000,815,0
10000,816,21
10000,817,0
10000,818,24
10000,819,0
10000,820,12
10000,821,0
10000,822,20
10000,823,0
10000,824,17
10000,825,0
10000,826,21
10000,827,0
10000,828,11
10000,829,0
10000,830,22
10000,831,0
10000,832,15
10000,833,0
10000,834,18
10000,835,0
10000,836,25
10000,837,0
10000,838,31
10000,839,0
10000,840,19
10000,841,0
10000,842,16
10000,843,0
10000,844,11
10000,845,0
10000,846,20
10000,847,0
10000,848,21
10000,849,0
10000,850,24
10000,851,0
10000,852,24
10000,853,0
10000,854,14
10000,855,0
10000,856,22
10000,857,0
10000,858,24
10000,859,0
10000,860,21
10000,861,0
10000,862,20
10000,863,0
10000,864,17
10000,865,0
10000,866,18
10000,867,0
10000,868,14
10000,869,0
10000,870,21
10000,871,0
10000,872,18
10000,873,0
10000,874,33
10000,875,0
10000,876,15
10000,877,0
10000,878,17
10000,879,0
10000,880,15
10000,881,0
10000,882,16
10000,883,0
10000,884,19
10000,885,0
10000,886,12
10000,887,0
10000,888,11
10000,889,0
10000,890,24
10000,891,0
10000,892,10
10000,893,0
10000,894,23
10000,895,0
10000,896,16
10000,897,0
10000,898,22
10000,899,0
10000,900,16
10000,901,0
10000,902,18
10000,903,0
10000,904,19
10000,905,0
10000,906,9
10000,907,0
10000,908,21
10000,909,0
10000,910,16
10000,911,0
10000,912,23
10000,913,0
10000,914,20
10000,915,0
10000,916,22
10000,917,0
10000,918,13
10000,919,0
10000,920,25
10000,921,0
10000,922,22
10000,923,0
10000,924,23
10000,925,0
10000,926,15
10000,927,0
10000,928,16
10000,929,0
10000,930,25
10000,931,0
10000,932,17
10000,933,0
10000,934,25
10000,935,0
10000,936,15
10000,937,0
10000,938,18
10000,939,0
10000,940,16
10000,941,0
10000,942,15
10000,943,0
10000,944,20
10000,945,0
10000,946,22
10000,947,0
10000,948,16
10000,949,0
10000,950,18
10000,951,0
10000,952,20
10000,953,0
10000,954,20
10000,955,0
10000,956,18
10000,957,0
10000,958,21
10000,959,0
10000,960,18
10000,961,0
10000,962,16
10000,963,0
10000,964,24
10000,965,0
10000,966,23
10000,967,0
10000,968,17
10000,969,0
10000,970,23
10000,971,0
10000,972,25
10000,973,0
10000,974,16
10000,975,0
10000,976,21
10000,977,0
10000,978,14
10000,979,0
10000,980,25
10000,981,0
10000,982,18
10000,983,0
10000,984,18
10000,985,0
10000,986,17
10000,987,0
10000,988,23
10000,989,0
10000,990,18
10000,991,0
10000,992,25
10000,993,0
10000,994,22
10000,995,0
10000,996,26
10000,997,0
10000,998,11
10000,999,0
10000,1000,18
10000,1001,0
10000,1002,22
10000,1003,0
10000,1004,20
10000,1005,0
10000,1006,23
10000,1007,0
10000,1008,15
10000,1009,0
10000,1010,20
10000,1011,0
10000,1012,25
10000,1013,0
10000,1014,17
10000,1015,0
10000,1016,25
10000,1017,0
10000,1018,17
10000,1019,0
10000,1020,17
10000,1021,0
10000,1022,13
10000,1023,0
100000,0,0
100000,1,0
100000,2,0
100000,3,384
100000,4,0
100000,5,0
100000,6,0
100000,7,336
100000,8,0
100000,9,0
100000,10,0
100000,11,394
100000,12,0
100000,13,0
100000,14,0
100000,15,407
100000,16,0
100000,17,0
100000,18,0
100000,19,360
100000,20,0
100000,21,0
100000,22,0
100000,23,366
100000,24,0
100000,25,0
100000,26,0
100000,27,372
100000,28,0
100000,29,0
100000,30,0
100000,31,363
100000,32,0
100000,33,0
100000,34,0
100000,35,377
100000,36,0
100000,37,0
100000,38,0
100000,39,365
100000,40,0
100000,41,0
100000,42,0
100000,43,374
100000,44,0
100000,45,0
100000,46,0
100000,47,362
100000,48,0
100000,49,0
100000,50,0
100000,51,406
100000,52,0
100000,53,0
100000,54,0
100000,55,346
100000,56,0
100000,57,0
100000,58,0
100000,59,359
100000,60,0
100000,61,0
100000,62,0
100000,63,361
100000,64,0
100000,65,0
100000,66,0
100000,67,366
100000,68,0
100000,69,0
100000,70,0
100000,71,365
100000,72,0
100000,73,0
100000,74,0
100000,75,398
100000,76,0
100000,77,0
100000,78,0
100000,79,401
100000,80,0
100000,81,0
100000,82,0
100000,83,373
100000,84,0
100000,85,0
100000,86,0
100000,87,340
100000,88,0
100000,89,0
100000,90,0
100000,91,413
100000,92,0
100000,93,0
100000,94,0
100000,95,376
100000,96,0
100000,97,0
100000,98,0
100000,99,372
100000,100,0
100000,101,0
100000,102,0
100000,103,387
100000,104,0
100000,105,0
100000,106,0
100000,107,380
100000,108,0
100000,109,0
100000,110,0
100000,111,357
100000,112,0
100000,113,0
100000,114,0
100000,115,360
100000,116,0
100000,117,0
100000,118,0
100000,119,363
100000,120,0
100000,121,0
100000,122,0
100000,123,384
100000,124,0
100000,125,0
100000,126,0
100000,127,385
100000,128,0
100000,129,0
100000,130,0
100000,131,340
100000,132,0
100000,133,0
100000,134,0
100000,135,402
100000,136,0
100000,137,0
100000,138,0
100000,139,384
100000,140,0
100000,141,0
100000,142,0
100000,143,355
100000,144,0
100000,145,0
100000,146,0
100000,147,380
100000,148,0
100000,149,0
100000,150,0
100000,151,365
100000,152,0
100000,153,0
100000,154,0
100000,155,402
100000,156,0
100000,157,0
100000,158,0
100000,159,373
100000,160,0
100000,161,0
100000,162,0
100000,163,351
100000,164,0
100000,165,0
100000,166,0
100000,167,382
100000,168,0
100000,169,0
100000,170,0
100000,171,363
100000,172,0
100000,173,0
100000,174,0
100000,175,358
100000,176,0
100000,177,0
100000,178,0
100000,179,343
100000,180,0
100000,181,0
100000,182,0
100000,183,383
100000,184,0
100000,185,0
100000,186,0
100000,187,351
100000,188,0
100000,189,0
100000,190,0
100000,191,378
100000,192,0
100000,193,0
100000,194,0
100000,195,360
100000,196,0
100000,197,0
100000,198,0
100000,199,384
100000,200,0
100000,201,0
100000,202,0
100000,203,382
100000,204,0
100000,205,0
100000,206,0
100000,207,385
100000,208,0
100000,209,0
100000,210,0
100000,211,378
100000,212,0
100000,213,0
100000,214,0
100000,215,370
100000,216,0
100000,217,0
100000,218,0
100000,219,369
100000,220,0
100000,221,0
100000,222,0
100000,223,378
100000,224,0
100000,225,0
100000,226,0
100000,227,377
100000,228,0
100000,229,0
100000,230,0
100000,231,356
100000,232,0
100000,233,0
100000,234,0
100000,235,321
100000,236,0
100000,237,0
100000,238,0
100000,239,338
100000,240,0
100000,241,0
100000,242,0
100000,243,366
100000,244,0
100000,245,0
100000,246,0
100000,247,409
100000,248,0
100000,249,0
100000,250,0
100000,251,374
100000,252,0
100000,253,0
100000,254,0
100000,255,360
100000,256,0
100000,257,0
100000,258,0
100000,259,373
100000,260,0
100000,261,0
100000,262,0
100000,263,358
100000,264,0
100000,265,0
100000,266,0
100000,267,374
100000,268,0
100000,269,0
100000,270,0
100000,271,332
100000,272,0
100000,273,0
100000,274,0
100000,275,376
100000,276,0
100000,277,0
100000,278,0
100000,279,387
100000,280,0
100000,281,0
100000,282,0
100000,283,373
100000,284,0
100000,285,0
100000,286,0
100000,287,372
100000,288,0
100000,289,0
100000,290,0
100000,291,393
100000,292,0
100000,293,0
100000,294,0
100000,295,385
100000,296,0
100000,297,0
100000,298,0
100000,299,364
100000,300,0
100000,301,0
100000,302,0
100000,303,370
100000,304,0
100000,305,0
100000,306,0
100000,307,367
100000,308,0
100000,309,0
100000,310,0
100000,311,347
100000,312,0
100000,313,0
100000,314,0
100000,315,352
100000,316,0
100000,317,0
100000,318,0
100000,319,393
100000,320,0
100000,321,0
100000,322,0
100000,323,377
100000,324,0
100000,325,0
100000,326,0
100000,327,384
100000,328,0
100000,329,0
100000,330,0
100000,331,394
100000,332,0
100000,333,0
100000,334,0
100000,335,373
100000,336,0
100000,337,0
100000,338,0
100000,339,374
100000,340,0
100000,341,0
100000,342,0
100000,343,394
100000,344,0
100000,345,0
100000,346,0
100000,347,346
100000,348,0
100000,349,0
100000,350,0
100000,351,360
100000,352,0
100000,353,0
100000,354,0
100000,355,383
100000,356,0
100000,357,0
100000,358,0
100000,359,376
100000,360,0
100000,361,0
100000,362,0
100000,363,365
100000,364,0
100000,365,0
100000,366,0
100000,367,368
100000,368,0
100000,369,0
100000,370,0
100000,371,384
100000,372,0
100000,373,0
100000,374,0
100000,375,365
100000,376,0
100000,377,0
100000,378,0
100000,379,368
100000,380,0
100000,381,0
100000,382,0
100000,383,364
100000,384,0
100000,385,0
100000,386,0
100000,387,363
100000,388,0
100000,389,0
100000,390,0
100000,391,375
100000,392,0
100000,393,0
100000,394,0
100000,395,350
100000,396,0
100000,397,0
100000,398,0
100000,399,385
100000,400,0
100000,401,0
100000,402,0
100000,403,343
100000,404,0
100000,405,0
100000,406,0
100000,407,382
100000,408,0
100000,409,0
100000,410,0
100000,411,359
100000,412,0
100000,413,0
100000,414,0
100000,415,383
100000,416,0
100000,417,0
100000,418,0
100000,419,360
100000,420,0
100000,421,0
100000,422,0
100000,423,398
100000,424,0
100000,425,0
100000,426,0
100000,427,355
100000,428,0
100000,429,0
100000,430,0
100000,431,378
100000,432,0
100000,433,0
100000,434,0
100000,435,390
100000,436,0
100000,437,0
100000,438,0
100000,439,361
100000,440,0
100000,441,0
100000,442,0
100000,443,385
100000,444,0
100000,445,0
100000,446,0
100000,447,348
100000,448,0
100000,449,0
100000,450,0
100000,451,419
100000,452,0
100000,453,0
100000,454,0
100000,455,377
100000,456,0
100000,457,0
100000,458,0
100000,459,365
100000,460,0
100000,461,0
100000,462,0
100000,463,370
100000,464,0
100000,465,0
100000,466,0
100000,467,377
100000,468,0
100000,469,0
100000,470,0
100000,471,409
100000,472,0
100000,473,0
100000,474,0
100000,475,385
100000,476,0
100000,477,0
100000,478,0
100000,479,397
100000,480,0
100000,481,0
100000,482,0
100000,483,368
100000,484,0
100000,485,0
100000,486,0
100000,487,403
100000,488,0
100000,489,0
100000,490,0
100000,491,372
100000,492,0
100000,493,0
100000,494,0
100000,495,392
100000,496,0
100000,497,0
100000,498,0
100000,499,357
100000,500,0
100000,501,0
100000,502,0
100000,503,364
100000,504,0
100000,505,0
100000,506,0
100000,507,374
100000,508,0
100000,509,0
100000,510,0
100000,511,371
100000,512,0
100000,513,0
100000,514,0
100000,515,359
100000,516,0
100000,517,0
100000,518,0
100000,519,375
100000,520,0
100000,521,0
100000,522,0
100000,523,373
100000,524,0
100000,525,0
100000,526,0
100000,527,346
100000,528,0
100000,529,0
100000,530,0
100000,531,337
100000,532,0
100000,533,0
100000,534,0
100000,535,353
100000,536,0
100000,537,0
100000,538,0
100000,539,367
100000,540,0
100000,541,0
100000,542,0
100000,543,381
100000,544,0
100000,545,0
100000,546,0
100000,547,360
100000,548,0
100000,549,0
100000,550,0
100000,551,370
100000,552,0
100000,553,0
100000,554,0
100000,555,366
100000,556,0
100000,557,0
100000,558,0
100000,559,355
100000,560,0
100000,561,0
100000,562,0
100000,563,343
100000,564,0
100000,565,0
100000,566,0
100000,567,394
100000,568,0
100000,569,0
100000,570,0
100000,571,340
100000,572,0
100000,573,0
100000,574,0
100000,575,374
100000,576,0
100000,577,0
100000,578,0
100000,579,366
100000,580,0
100000,581,0
100000,582,0
100000,583,377
100000,584,0
100000,585,0
100000,586,0
100000,587,391
100000,588,0
100000,589,0
100000,590,0
100000,591,394
100000,592,0
100000,593,0
100000,594,0
100000,595,335
100000,596,0
100000,597,0
100000,598,0
100000,599,380
100000,600,0
100000,601,0
100000,602,0
100000,603,359
100000,604,0
100000,605,0
100000,606,0
100000,607,358
100000,608,0
100000,609,0
100000,610,0
100000,611,375
100000,612,0
100000,613,0
100000,614,0
100000,615,362
100000,616,0
100000,617,0
100000,618,0
100000,619,387
100000,620,0
100000,621,0
100000,622,0
100000,623,355
100000,624,0
100000,625,0
100000,626,0
100000,627,396
100000,628,0
100000,629,0
100000,630,0
100000,631,304
100000,632,0
100000,633,0
100000,634,0
100000,635,357
100000,636,0
100000,637,0
100000,638,0
100000,639,360
100000,640,0
100000,641,0
100000,642,0
100000,643,344
100000,644,0
100000,645,0
100000,646,0
100000,647,353
100000,648,0
100000,649,0
100000,650,0
100000,651,343
100000,652,0
100000,653,0
100000,654,0
100000,655,379
100000,656,0
100000,657,0
100000,658,0
100000,659,406
100000,660,0
100000,661,0
100000,662,0
100000,663,388
100000,664,0
100000,665,0
100000,666,0
100000,667,353
100000,668,0
100000,669,0
100000,670,0
100000,671,379
100000,672,0
100000,673,0
100000,674,0
100000,675,388
100000,676,0
100000,677,0
100000,678,0
100000,679,354
100000,680,0
100000,681,0
100000,682,0
100000,683,358
100000,684,0
100000,685,0
100000,686,0
100000,687,391
100000,688,0
100000,689,0
100000,690,0
100000,691,366
100000,692,0
100000,693,0
100000,694,0
100000,695,360
100000,696,0
100000,697,0
100000,698,0
100000,699,354
100000,700,0
100000,701,0
100000,702,0
100000,703,373
100000,704,0
100000,705,0
100000,706,0
100000,707,337
100000,708,0
100000,709,0
100000,710,0
100000,711,351
100000,712,0
100000,713,0
100000,714,0
100000,715,384
100000,716,0
100000,717,0
100000,718,0
100000,719,378
100000,720,0
100000,721,0
100000,722,0
100000,723,373
100000,724,0
100000,725,0
100000,726,0
100000,727,380
100000,728,0
100000,729,0
100000,730,0
100000,731,364
100000,732,0
100000,733,0
100000,734,0
100000,735,367
100000,736,0
100000,737,0
100000,738,0
100000,739,393
100000,740,0
100000,741,0
100000,742,0
100000,743,384
100000,744,0
100000,745,0
100000,746,0
100000,747,379
100000,748,0
100000,749,0
100000,750,0
100000,751,345
100000,752,0
100000,753,0
100000,754,0
100000,755,402
100000,756,0
100000,757,0
100000,758,0
100000,759,334
100000,760,0
100000,761,0
100000,762,0
100000,763,382
100000,764,0
100000,765,0
100000,766,0
100000,767,375
100000,768,0
100000,769,0
100000,770,0
100000,771,351
100000,772,0
100000,773,0
100000,774,0
100000,775,389
100000,776,0
100000,777,0
100000,778,0
100000,779,371
100000,780,0
100000,781,0
100000,782,0
100000,783,388
100000,784,0
100000,785,0
100000,786,0
100000,787,366
100000,788,0
100000,789,0
100000,790,0
100000,791,378
100000,792,0
100000,793,0
100000,794,0
100000,795,376
100000,796,0
100000,797,0
100000,798,0
100000,799,371
100000,800,0
100000,801,0
100000,802,0
100000,803,406
100000,804,0
100000,805,0
100000,806,0
100000,807,356
100000,808,0
100000,809,0
100000,810,0
100000,811,372
100000,812,0
100000,813,0
100000,814,0
100000,815,360
100000,816,0
100000,817,0
100000,818,0
100000,819,365
100000,820,0
100000,821,0
100000,822,0
100000,823,372
100000,824,0
100000,825,0
100000,826,0
100000,827,362
100000,828,0
100000,829,0
100000,830,0
100000,831,384
100000,832,0
100000,833,0
100000,834,0
100000,835,351
100000,836,0
100000,837,0
100000,838,0
100000,839,350
100000,840,0
100000,841,0
100000,842,0
100000,843,370
100000,844,0
100000,845,0
100000,846,0
100000,847,397
100000,848,0
100000,849,0
100000,850,0
100000,851,413
100000,852,0
100000,853,0
100000,854,0
100000,855,389
100000,856,0
100000,857,0
100000,858,0
100000,859,381
100000,860,0
100000,861,0
100000,862,0
100000,863,363
100000,864,0
100000,865,0
100000,866,0
100000,867,355
100000,868,0
100000,869,0
100000,870,0
100000,871,385
100000,872,0
100000,873,0
100000,874,0
100000,875,385
100000,876,0
100000,877,0
100000,878,0
100000,879,383
100000,880,0
100000,881,0
100000,882,0
100000,883,405
100000,884,0
100000,885,0
100000,886,0
100000,887,357
100000,888,0
100000,889,0
100000,890,0
100000,891,372
100000,892,0
100000,893,0
100000,894,0
100000,895,361
100000,896,0
100000,897,0
100000,898,0
100000,899,393
100000,900,0
100000,901,0
100000,902,0
100000,903,352
100000,904,0
100000,905,0
100000,906,0
100000,907,377
100000,908,0
100000,909,0
100000,910,0
100000,911,364
100000,912,0
100000,913,0
100000,914,0
100000,915,382
100000,916,0
100000,917,0
100000,918,0
100000,919,404
100000,920,0
100000,921,0
100000,922,0
100000,923,378
100000,924,0
100000,925,0
100000,926,0
100000,927,399
100000,928,0
100000,929,0
100000,930,0
100000,931,401
100000,932,0
100000,933,0
100000,934,0
100000,935,349
100000,936,0
100000,937,0
100000,938,0
100000,939,404
100000,940,0
100000,941,0
100000,942,0
100000,943,347
100000,944,0
100000,945,0
100000,946,0
100000,947,355
100000,948,0
100000,949,0
100000,950,0
100000,951,373
100000,952,0
100000,953,0
100000,954,0
100000,955,376
100000,956,0
100000,957,0
100000,958,0
100000,959,370
100000,960,0
100000,961,0
100000,962,0
100000,963,389
100000,964,0
100000,965,0
100000,966,0
100000,967,364
100000,968,0
100000,969,0
100000,970,0
100000,971,375
100000,972,0
100000,973,0
100000,974,0
100000,975,368
100000,976,0
100000,977,0
100000,978,0
100000,979,393
100000,980,0
100000,981,0
100000,982,0
100000,983,413
100000,984,0
100000,985,0
100000,986,0
100000,987,399
100000,988,0
100000,989,0
100000,990,0
100000,991,404
100000,992,0
100000,993,0
100000,994,0
100000,995,386
100000,996,0
100000,997,0
100000,998,0
100000,999,339
100000,1000,0
100000,1001,0
100000,1002,0
100000,1003,389
100000,1004,0
100000,1005,0
100000,1006,0
100000,1007,375
100000,1008,0
100000,1009,0
100000,1010,0
100000,1011,355
100000,1012,0
100000,1013,0
100000,1014,0
100000,1015,332
100000,1016,0
100000,1017,0
100000,1018,0
100000,1019,374
100000,1020,0
100000,1021,0
100000,1022,0
100000,1023,377
1000000,0,601
1000000,1,611
1000000,2,637
1000000,3,606
1000000,4,626
1000000,5,623
1000000,6,611
1000000,7,601
1000000,8,604
1000000,9,613
1000000,10,637
1000000,11,586
1000000,12,636
1000000,13,630
1000000,14,620
1000000,15,665
1000000,16,645
1000000,17,605
1000000,18,601
1000000,19,594
1000000,20,610
1000000,21,623
1000000,22,631
1000000,23,617
1000000,24,615
1000000,25,615
1000000,26,640
1000000,27,605
1000000,28,609
1000000,29,631
1000000,30,636
1000000,31,622
1000000,32,630
1000000,33,604
1000000,34,607
1000000,35,632
1000000,36,615
1000000,37,618
1000000,38,611
1000000,39,628
1000000,40,588
1000000,41,602
1000000,42,625
1000000,43,579
1000000,44,621
1000000,45,624
1000000,46,604
1000000,47,622
1000000,48,608
1000000,49,623
1000000,50,590
1000000,51,601
1000000,52,593
1000000,53,628
1000000,54,618
1000000,55,633
1000000,56,617
1000000,57,644
1000000,58,627
1000000,59,638
1000000,60,592
1000000,61,649
1000000,62,624
1000000,63,633
1000000,64,623
1000000,65,601
1000000,66,620
1000000,67,612
1000000,68,674
1000000,69,602
1000000,70,620
1000000,71,624
1000000,72,624
1000000,73,599
1000000,74,624
1000000,75,632
1000000,76,633
1000000,77,627
1000000,78,632
1000000,79,638
1000000,80,606
1000000,81,629
1000000,82,609
1000000,83,642
1000000,84,654
1000000,85,628
1000000,86,636
1000000,87,621
1000000,88,625
1000000,89,610
1000000,90,616
1000000,91,619
1000000,92,613
1000000,93,636
1000000,94,603
1000000,95,608
1000000,96,612
1000000,97,615
1000000,98,610
1000000,99,633
1000000,100,626
1000000,101,600
1000000,102,623
1000000,103,647
1000000,104,624
1000000,105,615
1000000,106,623
1000000,107,604
1000000,108,634
1000000,109,631
1000000,110,620
1000000,111,612
1000000,112,627
1000000,113,628
1000000,114,621
1000000,115,601
1000000,116,587
1000000,117,626
1000000,118,631
1000000,119,593
1000000,120,613
1000000,121,629
1000000,122,636
1000000,123,606
1000000,124,615
1000000,125,621
1000000,126,639
1000000,127,584
1000000,128,618
1000000,129,618
1000000,130,619
1000000,131,628
1000000,132,586
1000000,133,627
1000000,134,626
1000000,135,605
1000000,136,617
1000000,137,603
1000000,138,618
1000000,139,622
1000000,140,609
1000000,141,603
1000000,142,649
1000000,143,637
1000000,144,618
1000000,145,613
1000000,146,623
1000000,147,610
1000000,148,595
1000000,149,622
1000000,150,629
1000000,151,637
1000000,152,646
1000000,153,615
1000000,154,636
1000000,155,623
1000000,156,625
1000000,157,609
1000000,158,614
1000000,159,626
1000000,160,603
1000000,161,610
1000000,162,611
1000000,163,609
1000000,164,630
1000000,165,598
1000000,166,602
1000000,167,620
1000000,168,638
1000000,169,617
1000000,170,616
1000000,171,605
1000000,172,617
1000000,173,654
1000000,174,589
1000000,175,627
1000000,176,611
1000000,177,620
1000000,178,624
1000000,179,614
1000000,180,602
1000000,181,643
1000000,182,605
1000000,183,622
1000000,184,621
1000000,185,626
1000000,186,628
1000000,187,603
1000000,188,606
1000000,189,612
1000000,190,630
1000000,191,596
1000000,192,595
1000000,193,648
1000000,194,611
1000000,195,653
1000000,196,634
1000000,197,610
1000000,198,611
1000000,199,651
1000000,200,616
1000000,201,619
1000000,202,615
1000000,203,622
1000000,204,612
1000000,205,641
1000000,206,635
1000000,207,624
1000000,208,633
1000000,209,611
1000000,210,621
1000000,211,610
1000000,212,585
1000000,213,628
1000000,214,611
1000000,215,632
1000000,216,627
1000000,217,629
1000000,218,638
1000000,219,615
1000000,220,634
1000000,221,623
1000000,222,620
1000000,223,631
1000000,224,601
1000000,225,615
1000000,226,627
1000000,227,605
1000000,228,598
1000000,229,601
1000000,230,597
1000000,231,600
1000000,232,609
1000000,233,620
1000000,234,600
1000000,235,629
1000000,236,624
1000000,237,605
1000000,238,570
1000000,239,624
1000000,240,605
1000000,241,609
1000000,242,619
1000000,243,615
1000000,244,633
1000000,245,610
1000000,246,621
1000000,247,611
1000000,248,608
1000000,249,611
1000000,250,601
1000000,251,616
1000000,252,601
1000000,253,601
1000000,254,588
1000000,255,594
1000000,256,628
1000000,257,609
1000000,258,630
1000000,259,619
1000000,260,619
1000000,261,621
1000000,262,620
1000000,263,613
1000000,264,621
1000000,265,617
1000000,266,623
1000000,267,638
1000000,268,613
1000000,269,609
1000000,270,620
1000000,271,594
1000000,272,608
1000000,273,605
1000000,274,625
1000000,275,594
1000000,276,620
1000000,277,618
1000000,278,610
1000000,279,631
1000000,280,603
1000000,281,617
1000000,282,602
1000000,283,620
1000000,284,609
1000000,285,621
1000000,286,619
1000000,287,638
1000000,288,608
1000000,289,605
1000000,290,621
1000000,291,647
1000000,292,603
1000000,293,617
1000000,294,602
1000000,295,622
1000000,296,606
1000000,297,610
1000000,298,619
1000000,299,614
1000000,300,598
1000000,301,623
1000000,302,634
1000000,303,632
1000000,304,597
1000000,305,619
1000000,306,641
1000000,307,616
1000000,308,619
1000000,309,606
1000000,310,588
1000000,311,610
1000000,312,609
1000000,313,606
1000000,314,578
1000000,315,618
1000000,316,604
1000000,317,613
1000000,318,621
1000000,319,608
1000000,320,606
1000000,321,616
1000000,322,606
1000000,323,588
1000000,324,634
1000000,325,585
1000000,326,613
1000000,327,642
1000000,328,587
1000000,329,617
1000000,330,591
1000000,331,594
1000000,332,598
1000000,333,621
1000000,334,602
1000000,335,624
1000000,336,643
1000000,337,639
1000000,338,587
1000000,339,623
1000000,340,633
1000000,341,622
1000000,342,596
1000000,343,639
1000000,344,614
1000000,345,602
1000000,346,597
1000000,347,646
1000000,348,619
1000000,349,615
1000000,350,626
1000000,351,625
1000000,352,632
1000000,353,620
1000000,354,617
1000000,355,640
1000000,356,588
1000000,357,618
1000000,358,629
1000000,359,611
1000000,360,628
1000000,361,615
1000000,362,618
1000000,363,592
1000000,364,640
1000000,365,639
1000000,366,660
1000000,367,646
1000000,368,636
1000000,369,627
1000000,370,609
1000000,371,644
1000000,372,594
1000000,373,612
1000000,374,594
1000000,375,604
1000000,376,627
1000000,377,605
1000000,378,607
1000000,379,632
1000000,380,611
1000000,381,609
1000000,382,623
1000000,383,610
1000000,384,612
1000000,385,626
1000000,386,612
1000000,387,626
1000000,388,612
1000000,389,614
1000000,390,611
1000000,391,628
1000000,392,608
1000000,393,600
1000000,394,617
1000000,395,608
1000000,396,615
1000000,397,599
1000000,398,603
1000000,399,620
1000000,400,599
1000000,401,620
1000000,402,595
1000000,403,607
1000000,404,609
1000000,405,631
1000000,406,624
1000000,407,606
1000000,408,612
1000000,409,611
1000000,410,633
1000000,411,619
1000000,412,635
1000000,413,638
1000000,414,622
1000000,415,599
1000000,416,610
1000000,417,607
1000000,418,635
1000000,419,615
1000000,420,607
1000000,421,644
1000000,422,643
1000000,423,610
1000000,424,635
1000000,425,612
1000000,426,594
1000000,427,628
1000000,428,617
1000000,429,622
1000000,430,614
1000000,431,611
1000000,432,642
1000000,433,622
1000000,434,590
1000000,435,602
1000000,436,626
1000000,437,615
1000000,438,638
1000000,439,623
1000000,440,615
1000000,441,596
1000000,442,608
1000000,443,623
1000000,444,617
1000000,445,608
1000000,446,620
1000000,447,606
1000000,448,627
1000000,449,645
1000000,450,630
1000000,451,643
1000000,452,633
1000000,453,635
1000000,454,634
1000000,455,628
1000000,456,611
1000000,457,614
1000000,458,618
1000000,459,584
1000000,460,633
1000000,461,632
1000000,462,628
1000000,463,609
1000000,464,624
1000000,465,613
1000000,466,616
1000000,467,646
1000000,468,621
1000000,469,603
1000000,470,622
1000000,471,619
1000000,472,607
1000000,473,632
1000000,474,643
1000000,475,608
1000000,476,609
1000000,477,596
1000000,478,624
1000000,479,606
1000000,480,623
1000000,481,608
1000000,482,625
1000000,483,621
1000000,484,601
1000000,485,604
1000000,486,650
1000000,487,601
1000000,488,600
1000000,489,625
1000000,490,612
1000000,491,632
1000000,492,641
1000000,493,618
1000000,494,627
1000000,495,609
1000000,496,615
1000000,497,646
1000000,498,612
1000000,499,618
1000000,500,633
1000000,501,607
1000000,502,618
1000000,503,634
1000000,504,627
1000000,505,598
1000000,506,630
1000000,507,663
1000000,508,632
1000000,509,647
1000000,510,591
1000000,511,616
1000000,512,603
1000000,513,636
1000000,514,628
1000000,515,628
1000000,516,605
1000000,517,646
1000000,518,619
1000000,519,615
1000000,520,608
1000000,521,616
1000000,522,590
1000000,523,623
1000000,524,604
1000000,525,627
1000000,526,649
1000000,527,629
1000000,528,616
1000000,529,625
1000000,530,621
1000000,531,634
1000000,532,620
1000000,533,581
1000000,534,592
1000000,535,633
1000000,536,636
1000000,537,607
1000000,538,646
1000000,539,637
1000000,540,607
1000000,541,600
1000000,542,625
1000000,543,619
1000000,544,607
1000000,545,634
1000000,546,632
1000000,547,633
1000000,548,609
1000000,549,630
1000000,550,646
1000000,551,626
1000000,552,609
1000000,553,627
1000000,554,591
1000000,555,607
1000000,556,620
1000000,557,619
1000000,558,635
1000000,559,650
1000000,560,610
1000000,561,629
1000000,562,632
1000000,563,613
1000000,564,645
1000000,565,640
1000000,566,603
1000000,567,603
1000000,568,633
1000000,569,615
1000000,570,602
1000000,571,625
1000000,572,596
1000000,573,605
1000000,574,638
1000000,575,607
1000000,576,609
1000000,577,604
1000000,578,603
1000000,579,611
1000000,580,627
1000000,581,624
1000000,582,584
1000000,583,632
1000000,584,613
1000000,585,651
1000000,586,619
1000000,587,613
1000000,588,627
1000000,589,633
1000000,590,626
1000000,591,609
1000000,592,622
1000000,593,654
1000000,594,617
1000000,595,593
1000000,596,601
1000000,597,601
1000000,598,611
1000000,599,630
1000000,600,616
1000000,601,622
1000000,602,629
1000000,603,583
1000000,604,603
1000000,605,603
1000000,606,638
1000000,607,599
1000000,608,604
1000000,609,625
1000000,610,609
1000000,611,616
1000000,612,615
1000000,613,629
1000000,614,640
1000000,615,595
1000000,616,587
1000000,617,620
1000000,618,598
1000000,619,642
1000000,620,601
1000000,621,604
1000000,622,597
1000000,623,586
1000000,624,642
1000000,625,604
1000000,626,611
1000000,627,634
1000000,628,633
1000000,629,613
1000000,630,602
1000000,631,619
1000000,632,635
1000000,633,638
1000000,634,598
1000000,635,636
1000000,636,610
1000000,637,597
1000000,638,621
1000000,639,633
1000000,640,613
1000000,641,610
1000000,642,612
1000000,643,601
1000000,644,622
1000000,645,612
1000000,646,639
1000000,647,625
1000000,648,617
1000000,649,614
1000000,650,626
1000000,651,599
1000000,652,597
1000000,653,619
1000000,654,593
1000000,655,638
1000000,656,608
1000000,657,590
1000000,658,618
1000000,659,613
1000000,660,621
1000000,661,617
1000000,662,628
1000000,663,599
1000000,664,647
1000000,665,597
1000000,666,635
1000000,667,630
1000000,668,613
1000000,669,633
1000000,670,597
1000000,671,605
1000000,672,645
1000000,673,579
1000000,674,611
1000000,675,592
1000000,676,620
1000000,677,616
1000000,678,610
1000000,679,600
1000000,680,593
1000000,681,595
1000000,682,618
1000000,683,613
1000000,684,611
1000000,685,618
1000000,686,606
1000000,687,621
1000000,688,616
1000000,689,603
1000000,690,639
1000000,691,613
1000000,692,627
1000000,693,638
1000000,694,642
1000000,695,621
1000000,696,564
1000000,697,602
1000000,698,603
1000000,699,635
1000000,700,614
1000000,701,623
1000000,702,618
1000000,703,607
1000000,704,588
1000000,705,592
1000000,706,612
1000000,707,647
1000000,708,624
1000000,709,591
1000000,710,623
1000000,711,612
1000000,712,622
1000000,713,614
1000000,714,632
1000000,715,578
1000000,716,608
1000000,717,616
1000000,718,621
1000000,719,626
1000000,720,607
1000000,721,594
1000000,722,591
1000000,723,631
1000000,724,594
1000000,725,638
1000000,726,617
1000000,727,608
1000000,728,629
1000000,729,605
1000000,730,615
1000000,731,606
1000000,732,630
1000000,733,622
1000000,734,620
1000000,735,614
1000000,736,621
1000000,737,631
1000000,738,611
1000000,739,598
1000000,740,630
1000000,741,612
1000000,742,640
1000000,743,611
1000000,744,616
1000000,745,640
1000000,746,638
1000000,747,606
1000000,748,611
1000000,749,605
1000000,750,602
1000000,751,614
1000000,752,608
1000000,753,631
1000000,754,607
1000000,755,595
1000000,756,618
1000000,757,641
1000000,758,610
1000000,759,635
1000000,760,604
1000000,761,617
1000000,762,625
1000000,763,620
1000000,764,629
1000000,765,610
1000000,766,618
1000000,767,627
1000000,768,617
1000000,769,578
1000000,770,635
1000000,771,633
1000000,772,596
1000000,773,638
1000000,774,603
1000000,775,612
1000000,776,618
1000000,777,628
1000000,778,615
1000000,779,632
1000000,780,604
1000000,781,598
1000000,782,597
1000000,783,606
1000000,784,606
1000000,785,609
1000000,786,651
1000000,787,619
1000000,788,630
1000000,789,619
1000000,790,636
1000000,791,605
1000000,792,609
1000000,793,590
1000000,794,637
1000000,795,612
1000000,796,608
1000000,797,609
1000000,798,611
1000000,799,640
1000000,800,618
1000000,801,594
1000000,802,601
1000000,803,636
1000000,804,594
1000000,805,597
1000000,806,625
1000000,807,630
1000000,808,631
1000000,809,632
1000000,810,619
1000000,811,628
1000000,812,633
1000000,813,627
1000000,814,654
1000000,815,608
1000000,816,633
1000000,817,624
1000000,818,606
1000000,819,605
1000000,820,607
1000000,821,635
1000000,822,596
1000000,823,603
1000000,824,624
1000000,825,626
1000000,826,618
1000000,827,615
1000000,828,593
1000000,829,598
1000000,830,603
1000000,831,605
1000000,832,659
1000000,833,632
1000000,834,620
1000000,835,629
1000000,836,611
1000000,837,625
1000000,838,606
1000000,839,607
1000000,840,634
1000000,841,616
1000000,842,622
1000000,843,600
1000000,844,610
1000000,845,622
1000000,846,624
1000000,847,620
1000000,848,638
1000000,849,608
1000000,850,647
1000000,851,643
1000000,852,637
1000000,853,642
1000000,854,618
1000000,855,622
1000000,856,625
1000000,857,634
1000000,858,610
1000000,859,610
1000000,860,627
1000000,861,615
1000000,862,623
1000000,863,605
1000000,864,604
1000000,865,607
1000000,866,615
1000000,867,607
1000000,868,618
1000000,869,606
1000000,870,612
1000000,871,624
1000000,872,618
1000000,873,632
1000000,874,597
1000000,875,600
1000000,876,626
1000000,877,615
1000000,878,611
1000000,879,625
1000000,880,643
1000000,881,634
1000000,882,592
1000000,883,607
1000000,884,619
1000000,885,610
1000000,886,598
1000000,887,614
1000000,888,604
1000000,889,614
1000000,890,630
1000000,891,610
1000000,892,604
1000000,893,607
1000000,894,620
1000000,895,647
1000000,896,632
1000000,897,615
1000000,898,622
1000000,899,612
1000000,900,606
1000000,901,621
1000000,902,637
1000000,903,635
1000000,904,616
1000000,905,602
1000000,906,653
1000000,907,608
1000000,908,625
1000000,909,642
1000000,910,600
1000000,911,639
1000000,912,581
1000000,913,630
1000000,914,610
1000000,915,647
1000000,916,626
1000000,917,599
1000000,918,589
1000000,919,612
1000000,920,635
1000000,921,638
1000000,922,607
1000000,923,636
1000000,924,610
1000000,925,589
1000000,926,628
1000000,927,654
1000000,928,628
1000000,929,609
1000000,930,615
1000000,931,645
1000000,932,633
1000000,933,620
1000000,934,658
1000000,935,611
1000000,936,604
1000000,937,618
1000000,938,612
1000000,939,616
1000000,940,612
1000000,941,605
1000000,942,630
1000000,943,621
1000000,944,623
1000000,945,629
1000000,946,638
1000000,947,615
1000000,948,600
1000000,949,630
1000000,950,648
1000000,951,615
1000000,952,625
1000000,953,628
1000000,954,616
1000000,955,625
1000000,956,617
1000000,957,624
1000000,958,613
1000000,959,611
1000000,960,632
1000000,961,627
1000000,962,636
1000000,963,625
1000000,964,592
1000000,965,615
1000000,966,587
1000000,967,586
1000000,968,611
1000000,969,632
1000000,970,618
1000000,971,607
1000000,972,648
1000000,973,625
1000000,974,620
1000000,975,612
1000000,976,619
1000000,977,606
1000000,978,623
1000000,979,626
1000000,980,599
1000000,981,616
1000000,982,625
1000000,983,618
1000000,984,660
1000000,985,626
1000000,986,617
1000000,987,611
1000000,988,622
1000000,989,617
1000000,990,609
1000000,991,611
1000000,992,627
1000000,993,617
1000000,994,622
1000000,995,632
1000000,996,610
1000000,997,613
1000000,998,593
1000000,999,624
1000000,1000,617
1000000,1001,618
1000000,1002,620
1000000,1003,638
1000000,1004,614
1000000,1005,643
1000000,1006,591
1000000,1007,645
1000000,1008,610
1000000,1009,631
1000000,1010,608
1000000,1011,621
1000000,1012,609
1000000,1013,608
1000000,1014,627
1000000,1015,615
1000000,1016,592
1000000,1017,610
1000000,1018,621
1000000,1019,602
1000000,1020,599
1000000,1021,601
1000000,1022,619
1000000,1023,618
